<?xml version="1.0" encoding="utf-8" ?>
<dwsync>
<file name="bbs_head.php" server="sample06.tloghost.kr/public_html/" local="131997620810000000" remote="131997620810000000" Dst="0" />
<file name="_common.php" server="sample06.tloghost.kr/public_html/" local="131946926860000000" remote="131946926860000000" Dst="0" />
<file name="head.php" server="sample06.tloghost.kr/public_html/" local="131947770230000000" remote="131947770230000000" Dst="0" />
<file name="product02.php" server="sample06.tloghost.kr/public_html/" local="131952872780000000" remote="131952872780000000" Dst="0" />
<file name="business02.php" server="sample06.tloghost.kr/public_html/" local="131952870420000000" remote="131952870420000000" Dst="0" />
<file name="content_head.php" server="sample06.tloghost.kr/public_html/" local="131957265470000000" remote="131957265470000000" Dst="0" />
<file name="product01.php" server="sample06.tloghost.kr/public_html/" local="131952872840000000" remote="131952872840000000" Dst="0" />
<file name="bbs_tail.php" server="sample06.tloghost.kr/public_html/" local="131947770280000000" remote="131947770280000000" Dst="0" />
<file name="cf_1_edit_x.php" server="sample06.tloghost.kr/public_html/" local="131947770220000000" remote="131947770220000000" Dst="0" />
<file name="sub_navi.php" server="sample06.tloghost.kr/public_html/" local="131952200980000000" remote="131952200980000000" Dst="0" />
<file name="location.php" server="sample06.tloghost.kr/public_html/" local="131951906020000000" remote="131951906020000000" Dst="0" />
<file name="business01.php" server="sample06.tloghost.kr/public_html/" local="131952195020000000" remote="131952195020000000" Dst="0" />
<file name="tl_pop_mail.php" server="sample06.tloghost.kr/public_html/" local="131952882770000000" remote="131952882770000000" Dst="0" />
<file name="cf_1_form.php" server="sample06.tloghost.kr/public_html/" local="131947770220000000" remote="131947770220000000" Dst="0" />
<file name="head_bottom.php" server="sample06.tloghost.kr/public_html/" local="132077104199398898" remote="132077104210000000" Dst="0" />
<file name="bbs_head_edit_x.php" server="sample06.tloghost.kr/public_html/" local="131962344510000000" remote="131962344510000000" Dst="0" />
<file name="company.php" server="sample06.tloghost.kr/public_html/" local="132077105928057771" remote="132077105940000000" Dst="0" />
<file name="r&d01.php" server="sample06.tloghost.kr/public_html/" local="131952871300000000" remote="131952871300000000" Dst="0" />
<file name="r&d02.php" server="sample06.tloghost.kr/public_html/" local="131952871650000000" remote="131952871650000000" Dst="0" />
<file name="content_head_edit_x.php" server="sample06.tloghost.kr/public_html/" local="131962346040000000" remote="131962346040000000" Dst="0" />
<file name="group.php" server="sample06.tloghost.kr/public_html/" local="131952869990000000" remote="131952869990000000" Dst="0" />
<file name="contact_mail_x.php" server="sample06.tloghost.kr/public_html/" local="131957244720000000" remote="131957244720000000" Dst="0" />
</dwsync>