<?xml version="1.0" encoding="utf-8" ?>
<dwsync>
<file name="logo.png" server="sample06.tloghost.kr/public_html/" local="131952023830000000" remote="131952023830000000" Dst="0" />
<file name="btn_next.gif" server="sample06.tloghost.kr/public_html/" local="131951902340000000" remote="131951902340000000" Dst="0" />
<file name="require.png" server="sample06.tloghost.kr/public_html/" local="131951902360000000" remote="131951902360000000" Dst="0" />
<file name="btn_first.gif" server="sample06.tloghost.kr/public_html/" local="131951902340000000" remote="131951902340000000" Dst="0" />
<file name="btn_prev.gif" server="sample06.tloghost.kr/public_html/" local="131951902340000000" remote="131951902340000000" Dst="0" />
<file name="btn_end.gif" server="sample06.tloghost.kr/public_html/" local="131951902340000000" remote="131951902340000000" Dst="0" />
<file name="sign.gif" server="sample06.tloghost.kr/public_html/" local="131951901810000000" remote="131951901810000000" Dst="0" />
<file name="gnb_bg2.gif" server="sample06.tloghost.kr/public_html/" local="131951902350000000" remote="131951902350000000" Dst="0" />
<file name="close_btn.gif" server="sample06.tloghost.kr/public_html/" local="131951902350000000" remote="131951902350000000" Dst="0" />
<file name="thumb01.jpg" server="sample06.tloghost.kr/public_html/" local="131951908700000000" remote="131951908700000000" Dst="0" />
<file name="thumb02.jpg" server="sample06.tloghost.kr/public_html/" local="131951908700000000" remote="131951908700000000" Dst="0" />
<file name="thumb03.jpg" server="sample06.tloghost.kr/public_html/" local="131951908710000000" remote="131951908710000000" Dst="0" />
<file name="thumb04.jpg" server="sample06.tloghost.kr/public_html/" local="131951908720000000" remote="131951908720000000" Dst="0" />
<file name="center_img.jpg" server="sample06.tloghost.kr/public_html/" local="131951908720000000" remote="131951908720000000" Dst="0" />
<file name="icon01.png" server="sample06.tloghost.kr/public_html/" local="131951908730000000" remote="131951908730000000" Dst="0" />
<file name="icon02.png" server="sample06.tloghost.kr/public_html/" local="131951908740000000" remote="131951908740000000" Dst="0" />
<file name="icon03.png" server="sample06.tloghost.kr/public_html/" local="131951908750000000" remote="131951908750000000" Dst="0" />
<file name="icon04.png" server="sample06.tloghost.kr/public_html/" local="131951908760000000" remote="131951908760000000" Dst="0" />
<file name="icon05.png" server="sample06.tloghost.kr/public_html/" local="131951901810000000" remote="131951901810000000" Dst="0" />
<file name="icon06.png" server="sample06.tloghost.kr/public_html/" local="131951901810000000" remote="131951901810000000" Dst="0" />
<file name="bottom_img.jpg" server="sample06.tloghost.kr/public_html/" local="131951901800000000" remote="131951901800000000" Dst="0" />
<file name="sub_visual01.jpg" server="sample06.tloghost.kr/public_html/" local="131951901810000000" remote="131951901810000000" Dst="0" />
<file name="sub_visual02.jpg" server="sample06.tloghost.kr/public_html/" local="131951901810000000" remote="131951901810000000" Dst="0" />
<file name="sub_visual03.jpg" server="sample06.tloghost.kr/public_html/" local="131951901810000000" remote="131951901810000000" Dst="0" />
<file name="sub_visual04.jpg" server="sample06.tloghost.kr/public_html/" local="131951901810000000" remote="131951901810000000" Dst="0" />
<file name="sub_visual05.jpg" server="sample06.tloghost.kr/public_html/" local="131951901810000000" remote="131951901810000000" Dst="0" />
<file name="sub_visual_cover.png" server="sample06.tloghost.kr/public_html/" local="131951901810000000" remote="131951901810000000" Dst="0" />
<file name="btn_close.png" server="sample06.tloghost.kr/public_html/" local="131952884170000000" remote="131952884170000000" Dst="0" />
<file name="menubar_bg.png" server="sample06.tloghost.kr/public_html/" local="131952033110000000" remote="131952033110000000" Dst="0" />
<file name="loca_arrow_off.png" server="sample06.tloghost.kr/public_html/" local="131952027650000000" remote="131952027650000000" Dst="0" />
<file name="loca_arrow_on.png" server="sample06.tloghost.kr/public_html/" local="131951909730000000" remote="131951909730000000" Dst="0" />
<file name="logo-color.png" server="sample06.tloghost.kr/public_html/" local="131952023920000000" remote="131952023920000000" Dst="0" />
<file name="main_banner_img03.jpg" server="sample06.tloghost.kr/public_html/" local="131951901810000000" remote="131951901810000000" Dst="0" />
<file name="prevBtn_off.png" server="sample06.tloghost.kr/public_html/" local="131951908680000000" remote="131951908680000000" Dst="0" />
<file name="main_banner_img01.jpg" server="sample06.tloghost.kr/public_html/" local="131951901810000000" remote="131951901810000000" Dst="0" />
<file name="gnb_bg.gif" server="sample06.tloghost.kr/public_html/" local="131951902350000000" remote="131951902350000000" Dst="0" />
<file name="main_banner_img02.jpg" server="sample06.tloghost.kr/public_html/" local="131951901810000000" remote="131951901810000000" Dst="0" />
<file name="no_profile.gif" server="sample06.tloghost.kr/public_html/" local="131951902360000000" remote="131951902360000000" Dst="0" />
<file name="bussines_icon08.png" server="sample06.tloghost.kr/public_html/" local="131951901800000000" remote="131951901800000000" Dst="0" />
<file name="home_btn.png" server="sample06.tloghost.kr/public_html/" local="131951901800000000" remote="131951901800000000" Dst="0" />
<file name="sub_visual_title_line.gif" server="sample06.tloghost.kr/public_html/" local="131951901810000000" remote="131951901810000000" Dst="0" />
<file name="bullet.gif" server="sample06.tloghost.kr/public_html/" local="131951902350000000" remote="131951902350000000" Dst="0" />
<file name="btn.png" server="sample06.tloghost.kr/public_html/" local="131951901800000000" remote="131951901800000000" Dst="0" />
<file name="bussines_icon01.png" server="sample06.tloghost.kr/public_html/" local="131951901800000000" remote="131951901800000000" Dst="0" />
<file name="more-btn.gif" server="sample06.tloghost.kr/public_html/" local="131951902350000000" remote="131951902350000000" Dst="0" />
<file name="bussines_icon02.png.png" server="sample06.tloghost.kr/public_html/" local="131951901800000000" remote="131951901800000000" Dst="0" />
<file name="bussines_icon04.png" server="sample06.tloghost.kr/public_html/" local="131951901800000000" remote="131951901800000000" Dst="0" />
<file name="wrest.gif" server="sample06.tloghost.kr/public_html/" local="131951902360000000" remote="131951902360000000" Dst="0" />
<file name="nextBtn_off.png" server="sample06.tloghost.kr/public_html/" local="131951908690000000" remote="131951908690000000" Dst="0" />
<file name="bussines_icon05.png" server="sample06.tloghost.kr/public_html/" local="131951901800000000" remote="131951901800000000" Dst="0" />
<file name="gnb_bg00.gif" server="sample06.tloghost.kr/public_html/" local="131951902350000000" remote="131951902350000000" Dst="0" />
<file name="bussines_icon07.png" server="sample06.tloghost.kr/public_html/" local="131951901800000000" remote="131951901800000000" Dst="0" />
<file name="bussines_icon06.png" server="sample06.tloghost.kr/public_html/" local="131951901800000000" remote="131951901800000000" Dst="0" />
<file name="bussines_icon02.png" server="sample06.tloghost.kr/public_html/" local="131951901800000000" remote="131951901800000000" Dst="0" />
<file name="bussines_icon03.png" server="sample06.tloghost.kr/public_html/" local="131951901800000000" remote="131951901800000000" Dst="0" />
</dwsync>