<?xml version="1.0" encoding="utf-8" ?>
<dwsync>
<file name="login_check.skin.php" server="sample06.tloghost.kr/public_html/" local="131952948100000000" remote="131952948100000000" Dst="0" />
<file name="login.skin.php" server="sample06.tloghost.kr/public_html/" local="131952948100000000" remote="131952948100000000" Dst="0" />
<file name="scrap.skin.php" server="sample06.tloghost.kr/public_html/" local="131952948100000000" remote="131952948100000000" Dst="0" />
<file name="member_confirm.skin.php" server="sample06.tloghost.kr/public_html/" local="131952948100000000" remote="131952948100000000" Dst="0" />
<file name="password_lost.skin.php" server="sample06.tloghost.kr/public_html/" local="131952948100000000" remote="131952948100000000" Dst="0" />
<file name="register.skin.php" server="sample06.tloghost.kr/public_html/" local="131952948110000000" remote="131952948110000000" Dst="0" />
<file name="scrap_popin.skin.php" server="sample06.tloghost.kr/public_html/" local="131952948110000000" remote="131952948110000000" Dst="0" />
<file name="password.skin.php" server="sample06.tloghost.kr/public_html/" local="131952948110000000" remote="131952948110000000" Dst="0" />
<file name="memo_view.skin.php" server="sample06.tloghost.kr/public_html/" local="131952948110000000" remote="131952948110000000" Dst="0" />
<file name="formmail.skin.php" server="sample06.tloghost.kr/public_html/" local="131952948110000000" remote="131952948110000000" Dst="0" />
<file name="memo_form.skin.php" server="sample06.tloghost.kr/public_html/" local="131952948110000000" remote="131952948110000000" Dst="0" />
<file name="register_form.skin.php" server="sample06.tloghost.kr/public_html/" local="131952948120000000" remote="131952948120000000" Dst="0" />
<file name="style.css" server="sample06.tloghost.kr/public_html/" local="131952948120000000" remote="131952948120000000" Dst="0" />
<file name="memo.skin.php" server="sample06.tloghost.kr/public_html/" local="131952948130000000" remote="131952948130000000" Dst="0" />
<file name="point.skin.php" server="sample06.tloghost.kr/public_html/" local="131952948130000000" remote="131952948130000000" Dst="0" />
<file name="register_result.skin.php" server="sample06.tloghost.kr/public_html/" local="131952948130000000" remote="131952948130000000" Dst="0" />
<file name="profile.skin.php" server="sample06.tloghost.kr/public_html/" local="131952948130000000" remote="131952948130000000" Dst="0" />
</dwsync>