<?xml version="1.0" encoding="utf-8" ?>
<dwsync>
<file name="outlogin.skin.2.php" server="sample06.tloghost.kr/public_html/" local="131950448790000000" remote="131950448790000000" Dst="0" />
<file name="outlogin.lib.php" server="sample06.tloghost.kr/public_html/" local="131950448790000000" remote="131950448790000000" Dst="0" />
<file name="outlogin.php" server="sample06.tloghost.kr/public_html/" local="131950448790000000" remote="131950448790000000" Dst="0" />
<file name="login_check.php" server="sample06.tloghost.kr/public_html/" local="131950448780000000" remote="131950448780000000" Dst="0" />
<file name="_common.php" server="sample06.tloghost.kr/public_html/" local="131950448790000000" remote="131950448790000000" Dst="0" />
<file name="logout.php" server="sample06.tloghost.kr/public_html/" local="131950448780000000" remote="131950448780000000" Dst="0" />
<file name="outlogin.skin.1.php" server="sample06.tloghost.kr/public_html/" local="132077111641484561" remote="132077111640000000" Dst="0" />
<file name="outlogin_x.php" server="sample06.tloghost.kr/public_html/" local="131950448790000000" remote="131950448790000000" Dst="0" />
<file name="style.css" server="sample06.tloghost.kr/public_html/" local="131950448790000000" remote="131950448790000000" Dst="0" />
</dwsync>