<?xml version="1.0" encoding="utf-8" ?>
<dwsync>
<file name="head.php" server="sample06.tloghost.kr/public_html/" local="132104059718057440" remote="132104059710000000" Dst="0" />
<file name="tail.php" server="sample06.tloghost.kr/public_html/" local="131952883620000000" remote="131952883620000000" Dst="0" />
<file name="head.sub.php" server="sample06.tloghost.kr/public_html/" local="132091119556928941" remote="132091119550000000" Dst="0" />
<file name="index.php" server="sample06.tloghost.kr/public_html/" local="132085821511244779" remote="132085821510000000" Dst="0" />
<file name="theme.config.php" server="sample06.tloghost.kr/public_html/" local="132090256650104756" remote="132090256670000000" Dst="0" />
<file name="screenshot.png" server="sample06.tloghost.kr/public_html/" local="131946926810000000" remote="131946926810000000" Dst="0" />
<file name="readme.txt" server="sample06.tloghost.kr/public_html/" local="131946926810000000" remote="131946926810000000" Dst="0" />
<file name="_common.php" server="sample06.tloghost.kr/public_html/" local="131946926810000000" remote="131946926810000000" Dst="0" />
<file name="menum_.php" server="sample06.tloghost.kr/public_html/" local="131946926810000000" remote="131946926810000000" Dst="0" />
<file name="tail.sub.php" server="sample06.tloghost.kr/public_html/" local="131946926810000000" remote="131946926810000000" Dst="0" />
<file name="group.php" server="sample06.tloghost.kr/public_html/" local="131946926810000000" remote="131946926810000000" Dst="0" />
</dwsync>