<?xml version="1.0" encoding="utf-8" ?>
<dwsync>
<file name="listcategory2.skin.php" server="sample06.tloghost.kr/public_html/" local="131946927130000000" remote="131946927130000000" Dst="0" />
<file name="item.info.skin.php" server="sample06.tloghost.kr/public_html/" local="131946927130000000" remote="131946927130000000" Dst="0" />
<file name="mainbanner.10.skin.php" server="sample06.tloghost.kr/public_html/" local="131946927130000000" remote="131946927130000000" Dst="0" />
<file name="boxevent.skin.php" server="sample06.tloghost.kr/public_html/" local="131946927120000000" remote="131946927120000000" Dst="0" />
<file name="main.10.skin.php" server="sample06.tloghost.kr/public_html/" local="131946927130000000" remote="131946927130000000" Dst="0" />
<file name="main.50.skin.php" server="sample06.tloghost.kr/public_html/" local="131946927130000000" remote="131946927130000000" Dst="0" />
<file name="boxwish.skin.php" server="sample06.tloghost.kr/public_html/" local="131946927120000000" remote="131946927120000000" Dst="0" />
<file name="list.10.skin.php" server="sample06.tloghost.kr/public_html/" local="131946927130000000" remote="131946927130000000" Dst="0" />
<file name="itemqaform.skin.php" server="sample06.tloghost.kr/public_html/" local="131946927130000000" remote="131946927130000000" Dst="0" />
<file name="listcategory.skin.php" server="sample06.tloghost.kr/public_html/" local="131946927130000000" remote="131946927130000000" Dst="0" />
<file name="boxcategory.skin.php" server="sample06.tloghost.kr/public_html/" local="131946927120000000" remote="131946927120000000" Dst="0" />
<file name="largeimage.skin.php" server="sample06.tloghost.kr/public_html/" local="131946927130000000" remote="131946927130000000" Dst="0" />
<file name="main.20.skin.php" server="sample06.tloghost.kr/public_html/" local="131946927130000000" remote="131946927130000000" Dst="0" />
<file name="itemuse.skin.php" server="sample06.tloghost.kr/public_html/" local="131946927130000000" remote="131946927130000000" Dst="0" />
<file name="list.40.skin.php" server="sample06.tloghost.kr/public_html/" local="131946927130000000" remote="131946927130000000" Dst="0" />
<file name="boxcart.skin.php" server="sample06.tloghost.kr/public_html/" local="131946927120000000" remote="131946927120000000" Dst="0" />
<file name="relation.10.skin.php" server="sample06.tloghost.kr/public_html/" local="131946927130000000" remote="131946927130000000" Dst="0" />
<file name="boxtodayview.skin.php" server="sample06.tloghost.kr/public_html/" local="131946927120000000" remote="131946927120000000" Dst="0" />
<file name="itemqa.skin.php" server="sample06.tloghost.kr/public_html/" local="131946927130000000" remote="131946927130000000" Dst="0" />
<file name="list.sort.skin.php" server="sample06.tloghost.kr/public_html/" local="131946927130000000" remote="131946927130000000" Dst="0" />
<file name="itemqalist.skin.php" server="sample06.tloghost.kr/public_html/" local="131946927130000000" remote="131946927130000000" Dst="0" />
<file name="list.30.skin.php" server="sample06.tloghost.kr/public_html/" local="131946927130000000" remote="131946927130000000" Dst="0" />
<file name="item.form.skin.php" server="sample06.tloghost.kr/public_html/" local="131946927120000000" remote="131946927120000000" Dst="0" />
<file name="itemuseform.skin.php" server="sample06.tloghost.kr/public_html/" local="131946927130000000" remote="131946927130000000" Dst="0" />
<file name="boxbanner.skin.php" server="sample06.tloghost.kr/public_html/" local="131946927120000000" remote="131946927120000000" Dst="0" />
<file name="style.css" server="sample06.tloghost.kr/public_html/" local="131946927130000000" remote="131946927130000000" Dst="0" />
<file name="personalpay.skin.php" server="sample06.tloghost.kr/public_html/" local="131946927130000000" remote="131946927130000000" Dst="0" />
<file name="list.sub.skin.php" server="sample06.tloghost.kr/public_html/" local="131946927130000000" remote="131946927130000000" Dst="0" />
<file name="listcategory3.skin.php" server="sample06.tloghost.kr/public_html/" local="131946927130000000" remote="131946927130000000" Dst="0" />
<file name="list.20.skin.php" server="sample06.tloghost.kr/public_html/" local="131946927130000000" remote="131946927130000000" Dst="0" />
<file name="navigation.skin.php" server="sample06.tloghost.kr/public_html/" local="131946927130000000" remote="131946927130000000" Dst="0" />
<file name="main.30.skin.php" server="sample06.tloghost.kr/public_html/" local="131946927130000000" remote="131946927130000000" Dst="0" />
<file name="itemuselist.skin.php" server="sample06.tloghost.kr/public_html/" local="131946927130000000" remote="131946927130000000" Dst="0" />
<file name="boxcommunity.skin.php" server="sample06.tloghost.kr/public_html/" local="131946927120000000" remote="131946927120000000" Dst="0" />
<file name="main.40.skin.php" server="sample06.tloghost.kr/public_html/" local="131946927130000000" remote="131946927130000000" Dst="0" />
</dwsync>