<?xml version="1.0" encoding="utf-8" ?>
<dwsync>
<file name="his_bg.jpg" server="sample06.tloghost.kr/public_html/" local="131952950040000000" remote="131952950040000000" Dst="0" />
<file name="his_dot.png" server="sample06.tloghost.kr/public_html/" local="131952950040000000" remote="131952950040000000" Dst="0" />
<file name="icon_hot.gif" server="sample06.tloghost.kr/public_html/" local="131952950040000000" remote="131952950040000000" Dst="0" />
<file name="icon_new.gif" server="sample06.tloghost.kr/public_html/" local="131952950050000000" remote="131952950050000000" Dst="0" />
<file name="pic_bg.png" server="sample06.tloghost.kr/public_html/" local="131952950050000000" remote="131952950050000000" Dst="0" />
<file name="btn_close.gif" server="sample06.tloghost.kr/public_html/" local="131952950040000000" remote="131952950040000000" Dst="0" />
<file name="icon_sound.gif" server="sample06.tloghost.kr/public_html/" local="131952950050000000" remote="131952950050000000" Dst="0" />
<file name="icon_mobile.gif" server="sample06.tloghost.kr/public_html/" local="131952950050000000" remote="131952950050000000" Dst="0" />
<file name="icon_file.gif" server="sample06.tloghost.kr/public_html/" local="131952950040000000" remote="131952950040000000" Dst="0" />
<file name="icon_secret.gif" server="sample06.tloghost.kr/public_html/" local="131952950050000000" remote="131952950050000000" Dst="0" />
<file name="icon_link.gif" server="sample06.tloghost.kr/public_html/" local="131952950050000000" remote="131952950050000000" Dst="0" />
<file name="icon_img.gif" server="sample06.tloghost.kr/public_html/" local="131952950040000000" remote="131952950040000000" Dst="0" />
<file name="icon_reply.gif" server="sample06.tloghost.kr/public_html/" local="131952950050000000" remote="131952950050000000" Dst="0" />
<file name="icon_movie.gif" server="sample06.tloghost.kr/public_html/" local="131952950050000000" remote="131952950050000000" Dst="0" />
</dwsync>