<?xml version="1.0" encoding="utf-8" ?>
<dwsync>
<file name="icon_comment.png" server="sample06.tloghost.kr/public_html/" local="131952948050000000" remote="131952948050000000" Dst="0" />
<file name="icon_view.png" server="sample06.tloghost.kr/public_html/" local="131952948030000000" remote="131952948030000000" Dst="0" />
<file name="cmt_btn.png" server="sample06.tloghost.kr/public_html/" local="131952948050000000" remote="131952948050000000" Dst="0" />
<file name="icon_bad.png" server="sample06.tloghost.kr/public_html/" local="131952948020000000" remote="131952948020000000" Dst="0" />
<file name="icon_hot.gif" server="sample06.tloghost.kr/public_html/" local="131952948020000000" remote="131952948020000000" Dst="0" />
<file name="icon_new.gif" server="sample06.tloghost.kr/public_html/" local="131952948030000000" remote="131952948030000000" Dst="0" />
<file name="icon_good.png" server="sample06.tloghost.kr/public_html/" local="131952948030000000" remote="131952948030000000" Dst="0" />
<file name="btn_next2.gif" server="sample06.tloghost.kr/public_html/" local="131952948030000000" remote="131952948030000000" Dst="0" />
<file name="icon_sound.gif" server="sample06.tloghost.kr/public_html/" local="131952948030000000" remote="131952948030000000" Dst="0" />
<file name="icon_mobile.gif" server="sample06.tloghost.kr/public_html/" local="131952948030000000" remote="131952948030000000" Dst="0" />
<file name="icon_file.gif" server="sample06.tloghost.kr/public_html/" local="131952948040000000" remote="131952948040000000" Dst="0" />
<file name="icon_secret.gif" server="sample06.tloghost.kr/public_html/" local="131952948040000000" remote="131952948040000000" Dst="0" />
<file name="icon_link.gif" server="sample06.tloghost.kr/public_html/" local="131952948040000000" remote="131952948040000000" Dst="0" />
<file name="icon_lock.png" server="sample06.tloghost.kr/public_html/" local="131952948040000000" remote="131952948040000000" Dst="0" />
<file name="sch_btn.png" server="sample06.tloghost.kr/public_html/" local="131952948040000000" remote="131952948040000000" Dst="0" />
<file name="icon_img.gif" server="sample06.tloghost.kr/public_html/" local="131952948040000000" remote="131952948040000000" Dst="0" />
<file name="require.png" server="sample06.tloghost.kr/public_html/" local="131952948050000000" remote="131952948050000000" Dst="0" />
<file name="icon_reply.gif" server="sample06.tloghost.kr/public_html/" local="131952948050000000" remote="131952948050000000" Dst="0" />
<file name="btn_prev2.gif" server="sample06.tloghost.kr/public_html/" local="131952948060000000" remote="131952948060000000" Dst="0" />
<file name="icon_movie.gif" server="sample06.tloghost.kr/public_html/" local="131952948060000000" remote="131952948060000000" Dst="0" />
</dwsync>