<?xml version="1.0" encoding="utf-8" ?>
<dwsync>
<file name="sch_btn.png" server="sample06.tloghost.kr/public_html/" local="131951913730000000" remote="131951913730000000" Dst="0" />
<file name="close_btn.png" server="sample06.tloghost.kr/public_html/" local="131951913720000000" remote="131951913720000000" Dst="0" />
<file name="cmt_btn.png" server="sample06.tloghost.kr/public_html/" local="131951913720000000" remote="131951913720000000" Dst="0" />
<file name="prev_icon.gif" server="sample06.tloghost.kr/public_html/" local="131951913730000000" remote="131951913730000000" Dst="0" />
<file name="next_icon.gif" server="sample06.tloghost.kr/public_html/" local="131951913730000000" remote="131951913730000000" Dst="0" />
<file name="icon_bad.png" server="sample06.tloghost.kr/public_html/" local="131951913720000000" remote="131951913720000000" Dst="0" />
<file name="icon_hot.gif" server="sample06.tloghost.kr/public_html/" local="131951913720000000" remote="131951913720000000" Dst="0" />
<file name="icon_new.gif" server="sample06.tloghost.kr/public_html/" local="131951913720000000" remote="131951913720000000" Dst="0" />
<file name="icon_good.png" server="sample06.tloghost.kr/public_html/" local="131951913720000000" remote="131951913720000000" Dst="0" />
<file name="btn_close.gif" server="sample06.tloghost.kr/public_html/" local="131951913720000000" remote="131951913720000000" Dst="0" />
<file name="icon_sound.gif" server="sample06.tloghost.kr/public_html/" local="131951913730000000" remote="131951913730000000" Dst="0" />
<file name="icon_view.png" server="sample06.tloghost.kr/public_html/" local="131951913730000000" remote="131951913730000000" Dst="0" />
<file name="icon_mobile.gif" server="sample06.tloghost.kr/public_html/" local="131951913720000000" remote="131951913720000000" Dst="0" />
<file name="icon_file.gif" server="sample06.tloghost.kr/public_html/" local="131951913720000000" remote="131951913720000000" Dst="0" />
<file name="icon_secret.gif" server="sample06.tloghost.kr/public_html/" local="131951913730000000" remote="131951913730000000" Dst="0" />
<file name="icon_link.gif" server="sample06.tloghost.kr/public_html/" local="131951913720000000" remote="131951913720000000" Dst="0" />
<file name="pg_end.gif" server="sample06.tloghost.kr/public_html/" local="131951913730000000" remote="131951913730000000" Dst="0" />
<file name="icon_img.gif" server="sample06.tloghost.kr/public_html/" local="131951913720000000" remote="131951913720000000" Dst="0" />
<file name="icon_reply.gif" server="sample06.tloghost.kr/public_html/" local="131951913720000000" remote="131951913720000000" Dst="0" />
<file name="pg_start.gif" server="sample06.tloghost.kr/public_html/" local="131951913730000000" remote="131951913730000000" Dst="0" />
<file name="icon_comment.png" server="sample06.tloghost.kr/public_html/" local="131951913720000000" remote="131951913720000000" Dst="0" />
<file name="icon_movie.gif" server="sample06.tloghost.kr/public_html/" local="131951913720000000" remote="131951913720000000" Dst="0" />
</dwsync>