<?xml version="1.0" encoding="utf-8" ?>
<dwsync>
<file name="var_bo_board_data.txt" server="sample06.tloghost.kr/public_html/" local="131963089930000000" remote="131963089930000000" Dst="0" />
<file name="install.php" server="sample06.tloghost.kr/public_html/" local="131963098710000000" remote="131963098710000000" Dst="0" />
<file name="_common.php" server="sample06.tloghost.kr/public_html/" local="131951937160000000" remote="131951937160000000" Dst="0" />
<file name="me_code_select.php" server="sample06.tloghost.kr/public_html/" local="131951937160000000" remote="131951937160000000" Dst="0" />
<file name="var_bo_board_file_data.txt" server="sample06.tloghost.kr/public_html/" local="131963089930000000" remote="131963089930000000" Dst="0" />
<file name="var_bo_tablem.txt" server="sample06.tloghost.kr/public_html/" local="131963089930000000" remote="131963089930000000" Dst="0" />
<file name="var_n_config.txt" server="sample06.tloghost.kr/public_html/" local="131963089930000000" remote="131963089930000000" Dst="0" />
<file name="var_menus.txt" server="sample06.tloghost.kr/public_html/" local="131963089930000000" remote="131963089930000000" Dst="0" />
<file name="style.css" server="sample06.tloghost.kr/public_html/" local="131951937160000000" remote="131951937160000000" Dst="0" />
</dwsync>