<?xml version="1.0" encoding="utf-8" ?>
<dwsync>
<file name="login_check.skin.php" server="sample06.tloghost.kr/public_html/" local="131952774210000000" remote="131952774210000000" Dst="0" />
<file name="login.skin.php" server="sample06.tloghost.kr/public_html/" local="131952776060000000" remote="131952776060000000" Dst="0" />
<file name="scrap.skin.php" server="sample06.tloghost.kr/public_html/" local="131952774220000000" remote="131952774220000000" Dst="0" />
<file name="member_confirm.skin.php" server="sample06.tloghost.kr/public_html/" local="131952774220000000" remote="131952774220000000" Dst="0" />
<file name="password_lost.skin.php" server="sample06.tloghost.kr/public_html/" local="131952774220000000" remote="131952774220000000" Dst="0" />
<file name="register.skin.php" server="sample06.tloghost.kr/public_html/" local="131952774220000000" remote="131952774220000000" Dst="0" />
<file name="scrap_popin.skin.php" server="sample06.tloghost.kr/public_html/" local="131952774220000000" remote="131952774220000000" Dst="0" />
<file name="password.skin.php" server="sample06.tloghost.kr/public_html/" local="131952774230000000" remote="131952774230000000" Dst="0" />
<file name="memo_view.skin.php" server="sample06.tloghost.kr/public_html/" local="131952774230000000" remote="131952774230000000" Dst="0" />
<file name="formmail.skin.php" server="sample06.tloghost.kr/public_html/" local="131952774230000000" remote="131952774230000000" Dst="0" />
<file name="memo_form.skin.php" server="sample06.tloghost.kr/public_html/" local="131952774230000000" remote="131952774230000000" Dst="0" />
<file name="register_form.skin.php" server="sample06.tloghost.kr/public_html/" local="131952774230000000" remote="131952774230000000" Dst="0" />
<file name="style.css" server="sample06.tloghost.kr/public_html/" local="131952855130000000" remote="131952855130000000" Dst="0" />
<file name="memo.skin.php" server="sample06.tloghost.kr/public_html/" local="131952774240000000" remote="131952774240000000" Dst="0" />
<file name="point.skin.php" server="sample06.tloghost.kr/public_html/" local="131952774240000000" remote="131952774240000000" Dst="0" />
<file name="register_result.skin.php" server="sample06.tloghost.kr/public_html/" local="131952774240000000" remote="131952774240000000" Dst="0" />
<file name="profile.skin.php" server="sample06.tloghost.kr/public_html/" local="131952774240000000" remote="131952774240000000" Dst="0" />
</dwsync>