<?xml version="1.0" encoding="utf-8" ?>
<dwsync>
<file name="gnb_bg00.gif" server="sample06.tloghost.kr/public_html/" local="131946927360000000" remote="131946927360000000" Dst="0" />
<file name="gnb_bg01.gif" server="sample06.tloghost.kr/public_html/" local="131946927360000000" remote="131946927360000000" Dst="0" />
<file name="sbn_btn.png" server="sample06.tloghost.kr/public_html/" local="131946927360000000" remote="131946927360000000" Dst="0" />
<file name="is_button.gif" server="sample06.tloghost.kr/public_html/" local="131946927360000000" remote="131946927360000000" Dst="0" />
<file name="icon_arw_toleft.gif" server="sample06.tloghost.kr/public_html/" local="131946927360000000" remote="131946927360000000" Dst="0" />
<file name="sct_bg_toright.gif" server="sample06.tloghost.kr/public_html/" local="131946927360000000" remote="131946927360000000" Dst="0" />
<file name="sns_kakao_s.png" server="sample06.tloghost.kr/public_html/" local="131946927360000000" remote="131946927360000000" Dst="0" />
<file name="personal.jpg" server="sample06.tloghost.kr/public_html/" local="131946927360000000" remote="131946927360000000" Dst="0" />
<file name="sns_twt_s.png" server="sample06.tloghost.kr/public_html/" local="131946927360000000" remote="131946927360000000" Dst="0" />
<file name="icon_secret.gif" server="sample06.tloghost.kr/public_html/" local="131946927360000000" remote="131946927360000000" Dst="0" />
<file name="sns_goo_s.png" server="sample06.tloghost.kr/public_html/" local="131946927360000000" remote="131946927360000000" Dst="0" />
<file name="sns_fb_s.png" server="sample06.tloghost.kr/public_html/" local="131946927360000000" remote="131946927360000000" Dst="0" />
</dwsync>